<?xml version="1.0" encoding="UTF-8"?>
<RecordType xmlns="http://soap.sforce.com/2006/04/metadata">
    <fullName>Technical_Position</fullName>
    <active>true</active>
    <label>Technical Position</label>
    <picklistValues>
        <picklist>Approval_Status__c</picklist>
        <values>
            <fullName>Approved</fullName>
            <default>false</default>
        </values>
        <values>
            <fullName>Not Approved</fullName>
            <default>false</default>
        </values>
        <values>
            <fullName>Pending</fullName>
            <default>false</default>
        </values>
        <values>
            <fullName>Recalled</fullName>
            <default>false</default>
        </values>
    </picklistValues>
    <picklistValues>
        <picklist>Department__c</picklist>
        <values>
            <fullName>Engineering</fullName>
            <default>false</default>
        </values>
        <values>
            <fullName>Finance</fullName>
            <default>false</default>
        </values>
        <values>
            <fullName>IT</fullName>
            <default>false</default>
        </values>
        <values>
            <fullName>Sales</fullName>
            <default>false</default>
        </values>
        <values>
            <fullName>Support</fullName>
            <default>false</default>
        </values>
    </picklistValues>
    <picklistValues>
        <picklist>Location__c</picklist>
        <values>
            <fullName>APAC</fullName>
            <default>false</default>
        </values>
        <values>
            <fullName>EMEA</fullName>
            <default>false</default>
        </values>
        <values>
            <fullName>LATAM</fullName>
            <default>false</default>
        </values>
        <values>
            <fullName>US</fullName>
            <default>false</default>
        </values>
    </picklistValues>
    <picklistValues>
        <picklist>Operating_Systems__c</picklist>
        <values>
            <fullName>Mac</fullName>
            <default>false</default>
        </values>
        <values>
            <fullName>Unix</fullName>
            <default>false</default>
        </values>
        <values>
            <fullName>Windows</fullName>
            <default>false</default>
        </values>
    </picklistValues>
    <picklistValues>
        <picklist>Pay_Grade__c</picklist>
        <values>
            <fullName>ACT-100</fullName>
            <default>false</default>
        </values>
        <values>
            <fullName>ACT-200</fullName>
            <default>false</default>
        </values>
        <values>
            <fullName>ACT-300</fullName>
            <default>false</default>
        </values>
        <values>
            <fullName>ACT-400</fullName>
            <default>false</default>
        </values>
        <values>
            <fullName>C-100</fullName>
            <default>false</default>
        </values>
        <values>
            <fullName>C-200</fullName>
            <default>false</default>
        </values>
        <values>
            <fullName>C-300</fullName>
            <default>false</default>
        </values>
        <values>
            <fullName>C-400</fullName>
            <default>false</default>
        </values>
        <values>
            <fullName>ENG-100</fullName>
            <default>false</default>
        </values>
        <values>
            <fullName>ENG-200</fullName>
            <default>false</default>
        </values>
        <values>
            <fullName>ENG-300</fullName>
            <default>false</default>
        </values>
        <values>
            <fullName>ENG-400</fullName>
            <default>false</default>
        </values>
        <values>
            <fullName>IT-100</fullName>
            <default>false</default>
        </values>
        <values>
            <fullName>IT-200</fullName>
            <default>false</default>
        </values>
        <values>
            <fullName>IT-300</fullName>
            <default>false</default>
        </values>
        <values>
            <fullName>IT-400</fullName>
            <default>false</default>
        </values>
        <values>
            <fullName>S-100</fullName>
            <default>false</default>
        </values>
        <values>
            <fullName>S-200</fullName>
            <default>false</default>
        </values>
        <values>
            <fullName>S-300</fullName>
            <default>false</default>
        </values>
        <values>
            <fullName>S-400</fullName>
            <default>false</default>
        </values>
    </picklistValues>
    <picklistValues>
        <picklist>Programming_Languages__c</picklist>
        <values>
            <fullName>%2ENet</fullName>
            <default>false</default>
        </values>
        <values>
            <fullName>COBOL</fullName>
            <default>false</default>
        </values>
        <values>
            <fullName>FORTRAN</fullName>
            <default>false</default>
        </values>
        <values>
            <fullName>Java</fullName>
            <default>false</default>
        </values>
        <values>
            <fullName>PHP</fullName>
            <default>false</default>
        </values>
        <values>
            <fullName>Perl</fullName>
            <default>false</default>
        </values>
        <values>
            <fullName>Python</fullName>
            <default>false</default>
        </values>
    </picklistValues>
    <picklistValues>
        <picklist>Salary_Range__c</picklist>
        <values>
            <fullName>120K%2B</fullName>
            <default>false</default>
        </values>
        <values>
            <fullName>50K-75K</fullName>
            <default>false</default>
        </values>
        <values>
            <fullName>75K-90K</fullName>
            <default>false</default>
        </values>
        <values>
            <fullName>90K-120K</fullName>
            <default>false</default>
        </values>
    </picklistValues>
    <picklistValues>
        <picklist>Status__c</picklist>
        <values>
            <fullName>Closed</fullName>
            <default>false</default>
        </values>
        <values>
            <fullName>New</fullName>
            <default>true</default>
        </values>
        <values>
            <fullName>Open</fullName>
            <default>false</default>
        </values>
    </picklistValues>
</RecordType>
