<?xml version="1.0" encoding="UTF-8"?>
<CustomField xmlns="http://soap.sforce.com/2006/04/metadata">
    <fullName>Status__c</fullName>
    <externalId>false</externalId>
    <label>Status</label>
    <required>true</required>
    <trackTrending>false</trackTrending>
    <type>Picklist</type>
    <valueSet>
        <restricted>true</restricted>
        <valueSetDefinition>
            <sorted>false</sorted>
            <value>
                <fullName>Pending</fullName>
                <default>false</default>
                <label>Pending</label>
            </value>
            <value>
                <fullName>Paid</fullName>
                <default>false</default>
                <label>Paid</label>
            </value>
            <value>
                <fullName>Cancelled</fullName>
                <default>false</default>
                <label>Cancelled</label>
            </value>
            <value>
                <fullName>In dispute</fullName>
                <default>false</default>
                <label>In dispute</label>
            </value>
            <value>
                <fullName>Overdue</fullName>
                <default>false</default>
                <label>Overdue</label>
            </value>
        </valueSetDefinition>
    </valueSet>
</CustomField>
