<?xml version="1.0" encoding="UTF-8"?>
<CustomField xmlns="http://soap.sforce.com/2006/04/metadata">
    <fullName>Education__c</fullName>
    <externalId>false</externalId>
    <label>Education</label>
    <required>false</required>
    <trackFeedHistory>false</trackFeedHistory>
    <trackTrending>false</trackTrending>
    <type>MultiselectPicklist</type>
    <valueSet>
        <valueSetDefinition>
            <sorted>false</sorted>
            <value>
                <fullName>GED/HS Diploma</fullName>
                <default>false</default>
                <label>GED/HS Diploma</label>
            </value>
            <value>
                <fullName>BA/BS</fullName>
                <default>false</default>
                <label>BA/BS</label>
            </value>
            <value>
                <fullName>MA/MS/MBA</fullName>
                <default>false</default>
                <label>MA/MS/MBA</label>
            </value>
            <value>
                <fullName>MD</fullName>
                <default>false</default>
                <label>MD</label>
            </value>
            <value>
                <fullName>JD</fullName>
                <default>false</default>
                <label>JD</label>
            </value>
            <value>
                <fullName>PhD</fullName>
                <default>false</default>
                <label>PhD</label>
            </value>
            <value>
                <fullName>Post Doc</fullName>
                <default>false</default>
                <label>Post Doc</label>
            </value>
        </valueSetDefinition>
    </valueSet>
    <visibleLines>5</visibleLines>
</CustomField>
