<?xml version="1.0" encoding="UTF-8"?>
<CustomField xmlns="http://soap.sforce.com/2006/04/metadata">
    <fullName>Average_Review_Score__c</fullName>
    <externalId>false</externalId>
    <formula>IF(Number_of_Reviews__c &lt;&gt; 0, Total_Review_Score__c / Number_of_Reviews__c, null)</formula>
    <formulaTreatBlanksAs>BlankAsZero</formulaTreatBlanksAs>
    <label>Average Review Score</label>
    <precision>18</precision>
    <required>false</required>
    <scale>2</scale>
    <trackTrending>false</trackTrending>
    <type>Number</type>
    <unique>false</unique>
</CustomField>
