<?xml version="1.0" encoding="UTF-8"?>
<CustomField xmlns="http://soap.sforce.com/2006/04/metadata">
    <fullName>Candidate__c</fullName>
    <deleteConstraint>Restrict</deleteConstraint>
    <externalId>false</externalId>
    <label>Candidate</label>
    <referenceTo>Candidate__c</referenceTo>
    <relationshipLabel>Job Applications</relationshipLabel>
    <relationshipName>Job_Applications</relationshipName>
    <required>true</required>
    <trackTrending>false</trackTrending>
    <type>Lookup</type>
</CustomField>
