<?xml version="1.0" encoding="UTF-8"?>
<CustomField xmlns="http://soap.sforce.com/2006/04/metadata">
    <fullName>Review_Indicator__c</fullName>
    <externalId>false</externalId>
    <formula>IF(Average_Review_Score__c &gt;= 3.5,IMAGE(&quot;/img/samples/light_green.gif&quot;, &quot;Green&quot;),IF(Average_Review_Score__c &gt;= 2.5,IMAGE(&quot;/img/samples/light_yellow.gif&quot;, &quot;Yellow&quot;),IF(Average_Review_Score__c &gt; 0,IMAGE(&quot;/img/samples/light_red.gif&quot;, &quot;Red&quot;),&quot;No Reviews&quot;)))</formula>
    <formulaTreatBlanksAs>BlankAsZero</formulaTreatBlanksAs>
    <label>Review Indicator</label>
    <required>false</required>
    <trackTrending>false</trackTrending>
    <type>Text</type>
    <unique>false</unique>
</CustomField>
