<?xml version="1.0" encoding="UTF-8"?>
<WebLink xmlns="http://soap.sforce.com/2006/04/metadata">
    <fullName>Audit_Guidelines</fullName>
    <availability>online</availability>
    <displayType>massActionButton</displayType>
    <encodingKey>UTF-8</encodingKey>
    <height>600</height>
    <linkType>url</linkType>
    <masterLabel>Audit Guidelines</masterLabel>
    <openType>sidebar</openType>
    <protected>false</protected>
    <requireRowSelection>true</requireRowSelection>
    <url>https://ap15.salesforce.com/sfc/p/2v000001YXvo/a/2v000000hc04/u9q15LjmO1tDszRW9QLbh7mucTZaAmyTRdAB3o3yRm8</url>
</WebLink>
