<?xml version="1.0" encoding="UTF-8"?>
<CustomField xmlns="http://soap.sforce.com/2006/04/metadata">
    <fullName>Bill__c</fullName>
    <externalId>false</externalId>
    <label>Bill</label>
    <referenceTo>Bill__c</referenceTo>
    <relationshipLabel>MediaBillAssociation</relationshipLabel>
    <relationshipName>MediaBillAssociation</relationshipName>
    <relationshipOrder>1</relationshipOrder>
    <reparentableMasterDetail>false</reparentableMasterDetail>
    <trackTrending>false</trackTrending>
    <type>MasterDetail</type>
    <writeRequiresMasterRead>false</writeRequiresMasterRead>
</CustomField>
