<?xml version="1.0" encoding="UTF-8"?>
<CustomField xmlns="http://soap.sforce.com/2006/04/metadata">
    <fullName>Media__c</fullName>
    <externalId>false</externalId>
    <label>Media</label>
    <referenceTo>Media__c</referenceTo>
    <relationshipLabel>MediaBillAssociation</relationshipLabel>
    <relationshipName>MediaBillAssociation</relationshipName>
    <relationshipOrder>0</relationshipOrder>
    <reparentableMasterDetail>false</reparentableMasterDetail>
    <trackTrending>false</trackTrending>
    <type>MasterDetail</type>
    <writeRequiresMasterRead>false</writeRequiresMasterRead>
</CustomField>
