<?xml version="1.0" encoding="UTF-8"?>
<WebLink xmlns="http://soap.sforce.com/2006/04/metadata">
    <fullName>New_Review</fullName>
    <availability>online</availability>
    <displayType>button</displayType>
    <encodingKey>UTF-8</encodingKey>
    <hasMenubar>false</hasMenubar>
    <hasScrollbars>true</hasScrollbars>
    <hasToolbar>false</hasToolbar>
    <height>600</height>
    <isResizable>true</isResizable>
    <linkType>url</linkType>
    <masterLabel>New Review</masterLabel>
    <openType>newWindow</openType>
    <position>none</position>
    <protected>false</protected>
    <showsLocation>false</showsLocation>
    <showsStatus>false</showsStatus>
    <url>/flow/New_Review?varJobAppId={!Job_Application__c.Id}&amp;retURL=/{!Job_Application__c.Id}</url>
</WebLink>
