<?xml version="1.0" encoding="UTF-8"?>
<CustomField xmlns="http://soap.sforce.com/2006/04/metadata">
    <fullName>Candidate_Name__c</fullName>
    <externalId>false</externalId>
    <formula>Job_Application__r.Candidate__r.First_Name__c &amp;&quot; &quot;&amp; Job_Application__r.Candidate__r.Last_Name__c</formula>
    <formulaTreatBlanksAs>BlankAsZero</formulaTreatBlanksAs>
    <label>Candidate Name</label>
    <required>false</required>
    <trackHistory>false</trackHistory>
    <trackTrending>false</trackTrending>
    <type>Text</type>
    <unique>false</unique>
</CustomField>
