<?xml version="1.0" encoding="UTF-8"?>
<CustomField xmlns="http://soap.sforce.com/2006/04/metadata">
    <fullName>Core_Competencies__c</fullName>
    <externalId>false</externalId>
    <inlineHelpText>For this category, rate candidate on a scale of 1 (lowest) to 5 (highest)</inlineHelpText>
    <label>Core Competencies</label>
    <required>false</required>
    <trackFeedHistory>true</trackFeedHistory>
    <trackHistory>false</trackHistory>
    <trackTrending>false</trackTrending>
    <type>Picklist</type>
    <valueSet>
        <restricted>true</restricted>
        <valueSetDefinition>
            <sorted>false</sorted>
            <value>
                <fullName>1</fullName>
                <default>false</default>
                <label>1</label>
            </value>
            <value>
                <fullName>2</fullName>
                <default>false</default>
                <label>2</label>
            </value>
            <value>
                <fullName>3</fullName>
                <default>false</default>
                <label>3</label>
            </value>
            <value>
                <fullName>4</fullName>
                <default>false</default>
                <label>4</label>
            </value>
            <value>
                <fullName>5</fullName>
                <default>false</default>
                <label>5</label>
            </value>
        </valueSetDefinition>
    </valueSet>
</CustomField>
