<?xml version="1.0" encoding="UTF-8"?>
<CustomField xmlns="http://soap.sforce.com/2006/04/metadata">
    <fullName>Job_Application__c</fullName>
    <externalId>false</externalId>
    <label>Job Application</label>
    <referenceTo>Job_Application__c</referenceTo>
    <relationshipLabel>Reviews</relationshipLabel>
    <relationshipName>Reviews</relationshipName>
    <relationshipOrder>0</relationshipOrder>
    <reparentableMasterDetail>false</reparentableMasterDetail>
    <trackFeedHistory>true</trackFeedHistory>
    <trackHistory>false</trackHistory>
    <trackTrending>false</trackTrending>
    <type>MasterDetail</type>
    <writeRequiresMasterRead>false</writeRequiresMasterRead>
</CustomField>
