<?xml version="1.0" encoding="UTF-8"?>
<CustomField xmlns="http://soap.sforce.com/2006/04/metadata">
    <fullName>Overall_Review_Score__c</fullName>
    <externalId>false</externalId>
    <formula>( VALUE(TEXT(Core_Competencies__c)) + VALUE(TEXT(Experience__c)) + VALUE(TEXT(Leadership_Skills__c)) + IF( Recommend_for_Hire__c , 5, 0) ) / 4</formula>
    <formulaTreatBlanksAs>BlankAsZero</formulaTreatBlanksAs>
    <label>Overall Review Score</label>
    <precision>18</precision>
    <required>false</required>
    <scale>2</scale>
    <trackHistory>false</trackHistory>
    <trackTrending>false</trackTrending>
    <type>Number</type>
    <unique>false</unique>
</CustomField>
