<?xml version="1.0" encoding="UTF-8"?>
<CustomField xmlns="http://soap.sforce.com/2006/04/metadata">
    <fullName>Recommend_for_Hire__c</fullName>
    <defaultValue>false</defaultValue>
    <externalId>false</externalId>
    <inlineHelpText>Do you recommend that we hire this candidate?</inlineHelpText>
    <label>Recommend for Hire</label>
    <trackFeedHistory>true</trackFeedHistory>
    <trackHistory>false</trackHistory>
    <trackTrending>false</trackTrending>
    <type>Checkbox</type>
</CustomField>
