<?xml version="1.0" encoding="UTF-8"?>
<RecordType xmlns="http://soap.sforce.com/2006/04/metadata">
    <fullName>Technical</fullName>
    <active>true</active>
    <label>Technical</label>
    <picklistValues>
        <picklist>City__c</picklist>
        <values>
            <fullName>Bhopal</fullName>
            <default>false</default>
        </values>
        <values>
            <fullName>Gandhi Nagar</fullName>
            <default>false</default>
        </values>
        <values>
            <fullName>Guntur</fullName>
            <default>false</default>
        </values>
        <values>
            <fullName>Hyderabad</fullName>
            <default>false</default>
        </values>
        <values>
            <fullName>Mumbai</fullName>
            <default>false</default>
        </values>
        <values>
            <fullName>Pune</fullName>
            <default>false</default>
        </values>
        <values>
            <fullName>Surat</fullName>
            <default>false</default>
        </values>
    </picklistValues>
    <picklistValues>
        <picklist>Education__c</picklist>
        <values>
            <fullName>B Sc%2E</fullName>
            <default>false</default>
        </values>
        <values>
            <fullName>B Tech%2E</fullName>
            <default>false</default>
        </values>
        <values>
            <fullName>BCA</fullName>
            <default>false</default>
        </values>
        <values>
            <fullName>BE</fullName>
            <default>false</default>
        </values>
        <values>
            <fullName>MCA</fullName>
            <default>false</default>
        </values>
        <values>
            <fullName>ME</fullName>
            <default>false</default>
        </values>
    </picklistValues>
    <picklistValues>
        <picklist>Skills_or_Expertise__c</picklist>
        <values>
            <fullName>Apex</fullName>
            <default>false</default>
        </values>
        <values>
            <fullName>Dot Net</fullName>
            <default>false</default>
        </values>
        <values>
            <fullName>Force%2Ecom</fullName>
            <default>false</default>
        </values>
        <values>
            <fullName>Java</fullName>
            <default>false</default>
        </values>
        <values>
            <fullName>PHP</fullName>
            <default>false</default>
        </values>
        <values>
            <fullName>QA</fullName>
            <default>false</default>
        </values>
        <values>
            <fullName>Salesforce</fullName>
            <default>false</default>
        </values>
    </picklistValues>
    <picklistValues>
        <picklist>State__c</picklist>
        <values>
            <fullName>AP</fullName>
            <default>false</default>
        </values>
        <values>
            <fullName>Gujarat</fullName>
            <default>false</default>
        </values>
        <values>
            <fullName>MP</fullName>
            <default>false</default>
        </values>
        <values>
            <fullName>Maharashtra</fullName>
            <default>false</default>
        </values>
    </picklistValues>
</RecordType>
