<?xml version="1.0" encoding="UTF-8"?>
<CustomField xmlns="http://soap.sforce.com/2006/04/metadata">
    <fullName>Location__c</fullName>
    <externalId>false</externalId>
    <label>Location</label>
    <required>false</required>
    <trackFeedHistory>false</trackFeedHistory>
    <trackTrending>false</trackTrending>
    <type>Picklist</type>
    <valueSet>
        <valueSetDefinition>
            <sorted>false</sorted>
            <value>
                <fullName>APAC</fullName>
                <default>false</default>
                <label>APAC</label>
            </value>
            <value>
                <fullName>EMEA</fullName>
                <default>false</default>
                <label>EMEA</label>
            </value>
            <value>
                <fullName>LATAM</fullName>
                <default>false</default>
                <label>LATAM</label>
            </value>
            <value>
                <fullName>US</fullName>
                <default>false</default>
                <label>US</label>
            </value>
        </valueSetDefinition>
    </valueSet>
</CustomField>
