<?xml version="1.0" encoding="UTF-8"?>
<CustomField xmlns="http://soap.sforce.com/2006/04/metadata">
    <fullName>Operating_Systems__c</fullName>
    <externalId>false</externalId>
    <label>Operating Systems</label>
    <required>false</required>
    <trackFeedHistory>false</trackFeedHistory>
    <trackTrending>false</trackTrending>
    <type>Picklist</type>
    <valueSet>
        <restricted>true</restricted>
        <valueSetDefinition>
            <sorted>false</sorted>
            <value>
                <fullName>Windows</fullName>
                <default>false</default>
                <label>Windows</label>
            </value>
            <value>
                <fullName>Unix</fullName>
                <default>false</default>
                <label>Unix</label>
            </value>
            <value>
                <fullName>Mac</fullName>
                <default>false</default>
                <label>Mac</label>
            </value>
        </valueSetDefinition>
    </valueSet>
</CustomField>
