<?xml version="1.0" encoding="UTF-8"?>
<CustomField xmlns="http://soap.sforce.com/2006/04/metadata">
    <fullName>Pay_Grade__c</fullName>
    <externalId>false</externalId>
    <label>Pay Grade</label>
    <required>false</required>
    <trackFeedHistory>false</trackFeedHistory>
    <trackTrending>false</trackTrending>
    <type>Picklist</type>
    <valueSet>
        <valueSetDefinition>
            <sorted>false</sorted>
            <value>
                <fullName>ENG-100</fullName>
                <default>false</default>
                <label>ENG-100</label>
            </value>
            <value>
                <fullName>ENG-200</fullName>
                <default>false</default>
                <label>ENG-200</label>
            </value>
            <value>
                <fullName>ENG-300</fullName>
                <default>false</default>
                <label>ENG-300</label>
            </value>
            <value>
                <fullName>ENG-400</fullName>
                <default>false</default>
                <label>ENG-400</label>
            </value>
            <value>
                <fullName>ACT-100</fullName>
                <default>false</default>
                <label>ACT-100</label>
            </value>
            <value>
                <fullName>ACT-200</fullName>
                <default>false</default>
                <label>ACT-200</label>
            </value>
            <value>
                <fullName>ACT-300</fullName>
                <default>false</default>
                <label>ACT-300</label>
            </value>
            <value>
                <fullName>ACT-400</fullName>
                <default>false</default>
                <label>ACT-400</label>
            </value>
            <value>
                <fullName>IT-100</fullName>
                <default>false</default>
                <label>IT-100</label>
            </value>
            <value>
                <fullName>IT-200</fullName>
                <default>false</default>
                <label>IT-200</label>
            </value>
            <value>
                <fullName>IT-300</fullName>
                <default>false</default>
                <label>IT-300</label>
            </value>
            <value>
                <fullName>IT-400</fullName>
                <default>false</default>
                <label>IT-400</label>
            </value>
            <value>
                <fullName>C-100</fullName>
                <default>false</default>
                <label>C-100</label>
            </value>
            <value>
                <fullName>C-200</fullName>
                <default>false</default>
                <label>C-200</label>
            </value>
            <value>
                <fullName>C-300</fullName>
                <default>false</default>
                <label>C-300</label>
            </value>
            <value>
                <fullName>C-400</fullName>
                <default>false</default>
                <label>C-400</label>
            </value>
            <value>
                <fullName>S-100</fullName>
                <default>false</default>
                <label>S-100</label>
            </value>
            <value>
                <fullName>S-200</fullName>
                <default>false</default>
                <label>S-200</label>
            </value>
            <value>
                <fullName>S-300</fullName>
                <default>false</default>
                <label>S-300</label>
            </value>
            <value>
                <fullName>S-400</fullName>
                <default>false</default>
                <label>S-400</label>
            </value>
        </valueSetDefinition>
    </valueSet>
</CustomField>
