<?xml version="1.0" encoding="UTF-8"?>
<CustomField xmlns="http://soap.sforce.com/2006/04/metadata">
    <fullName>Programming_Languages__c</fullName>
    <externalId>false</externalId>
    <label>Programming Languages</label>
    <required>false</required>
    <trackFeedHistory>false</trackFeedHistory>
    <trackTrending>false</trackTrending>
    <type>Picklist</type>
    <valueSet>
        <restricted>true</restricted>
        <valueSetDefinition>
            <sorted>false</sorted>
            <value>
                <fullName>COBOL</fullName>
                <default>false</default>
                <label>COBOL</label>
            </value>
            <value>
                <fullName>FORTRAN</fullName>
                <default>false</default>
                <label>FORTRAN</label>
            </value>
            <value>
                <fullName>.Net</fullName>
                <default>false</default>
                <label>.Net</label>
            </value>
            <value>
                <fullName>Java</fullName>
                <default>false</default>
                <label>Java</label>
            </value>
            <value>
                <fullName>PHP</fullName>
                <default>false</default>
                <label>PHP</label>
            </value>
            <value>
                <fullName>Perl</fullName>
                <default>false</default>
                <label>Perl</label>
            </value>
            <value>
                <fullName>Python</fullName>
                <default>false</default>
                <label>Python</label>
            </value>
        </valueSetDefinition>
    </valueSet>
</CustomField>
