<?xml version="1.0" encoding="UTF-8"?>
<CustomField xmlns="http://soap.sforce.com/2006/04/metadata">
    <fullName>Mode_of_Payment__c</fullName>
    <externalId>false</externalId>
    <label>Mode of Payment</label>
    <required>false</required>
    <trackTrending>false</trackTrending>
    <type>Picklist</type>
    <valueSet>
        <restricted>true</restricted>
        <valueSetDefinition>
            <sorted>false</sorted>
            <value>
                <fullName>RTGS</fullName>
                <default>false</default>
                <label>RTGS</label>
            </value>
            <value>
                <fullName>NEFT</fullName>
                <default>false</default>
                <label>NEFT</label>
            </value>
            <value>
                <fullName>Cheque</fullName>
                <default>false</default>
                <label>Cheque</label>
            </value>
            <value>
                <fullName>Cash</fullName>
                <default>false</default>
                <label>Cash</label>
            </value>
        </valueSetDefinition>
    </valueSet>
</CustomField>
