<?xml version="1.0" encoding="UTF-8"?>
<CustomField xmlns="http://soap.sforce.com/2006/04/metadata">
    <fullName>City__c</fullName>
    <externalId>false</externalId>
    <label>City</label>
    <required>false</required>
    <trackTrending>false</trackTrending>
    <type>Picklist</type>
    <valueSet>
        <controllingField>State__c</controllingField>
        <restricted>true</restricted>
        <valueSetDefinition>
            <sorted>false</sorted>
            <value>
                <fullName>Bhopal</fullName>
                <default>false</default>
                <label>Bhopal</label>
            </value>
            <value>
                <fullName>Gandhi Nagar</fullName>
                <default>false</default>
                <label>Gandhi Nagar</label>
            </value>
            <value>
                <fullName>Guntur</fullName>
                <default>false</default>
                <label>Guntur</label>
            </value>
            <value>
                <fullName>Hyderabad</fullName>
                <default>false</default>
                <label>Hyderabad</label>
            </value>
            <value>
                <fullName>Mumbai</fullName>
                <default>false</default>
                <label>Mumbai</label>
            </value>
            <value>
                <fullName>Pune</fullName>
                <default>false</default>
                <label>Pune</label>
            </value>
            <value>
                <fullName>Surat</fullName>
                <default>false</default>
                <label>Surat</label>
            </value>
        </valueSetDefinition>
        <valueSettings>
            <controllingFieldValue>AP</controllingFieldValue>
            <valueName>Guntur</valueName>
        </valueSettings>
        <valueSettings>
            <controllingFieldValue>AP</controllingFieldValue>
            <valueName>Hyderabad</valueName>
        </valueSettings>
        <valueSettings>
            <controllingFieldValue>MP</controllingFieldValue>
            <valueName>Bhopal</valueName>
        </valueSettings>
        <valueSettings>
            <controllingFieldValue>Maharashtra</controllingFieldValue>
            <valueName>Mumbai</valueName>
        </valueSettings>
        <valueSettings>
            <controllingFieldValue>Maharashtra</controllingFieldValue>
            <valueName>Pune</valueName>
        </valueSettings>
        <valueSettings>
            <controllingFieldValue>Gujarat</controllingFieldValue>
            <valueName>Gandhi Nagar</valueName>
        </valueSettings>
        <valueSettings>
            <controllingFieldValue>Gujarat</controllingFieldValue>
            <valueName>Surat</valueName>
        </valueSettings>
    </valueSet>
</CustomField>
