<?xml version="1.0" encoding="UTF-8"?>
<CustomField xmlns="http://soap.sforce.com/2006/04/metadata">
    <fullName>Education__c</fullName>
    <externalId>false</externalId>
    <label>Education</label>
    <required>false</required>
    <trackTrending>false</trackTrending>
    <type>Picklist</type>
    <valueSet>
        <restricted>true</restricted>
        <valueSetDefinition>
            <sorted>false</sorted>
            <value>
                <fullName>BE</fullName>
                <default>false</default>
                <label>BE</label>
            </value>
            <value>
                <fullName>ME</fullName>
                <default>false</default>
                <label>ME</label>
            </value>
            <value>
                <fullName>B Tech.</fullName>
                <default>false</default>
                <label>B Tech.</label>
            </value>
            <value>
                <fullName>MCA</fullName>
                <default>false</default>
                <label>MCA</label>
            </value>
            <value>
                <fullName>BCA</fullName>
                <default>false</default>
                <label>BCA</label>
            </value>
            <value>
                <fullName>B Sc.</fullName>
                <default>false</default>
                <label>B Sc.</label>
            </value>
        </valueSetDefinition>
    </valueSet>
</CustomField>
