<?xml version="1.0" encoding="UTF-8"?>
<CustomField xmlns="http://soap.sforce.com/2006/04/metadata">
    <fullName>Salary_Credited_Till_Date__c</fullName>
    <externalId>false</externalId>
    <label>Salary Credited Till Date</label>
    <summarizedField>Salary_Detail__c.Gross_Salary__c</summarizedField>
    <summaryForeignKey>Salary_Detail__c.Employee__c</summaryForeignKey>
    <summaryOperation>sum</summaryOperation>
    <trackTrending>false</trackTrending>
    <type>Summary</type>
</CustomField>
