<?xml version="1.0" encoding="UTF-8"?>
<CustomField xmlns="http://soap.sforce.com/2006/04/metadata">
    <fullName>Skills_or_Expertise__c</fullName>
    <externalId>false</externalId>
    <label>Skills or Expertise</label>
    <required>false</required>
    <trackTrending>false</trackTrending>
    <type>MultiselectPicklist</type>
    <valueSet>
        <restricted>true</restricted>
        <valueSetDefinition>
            <sorted>false</sorted>
            <value>
                <fullName>Apex</fullName>
                <default>false</default>
                <label>Apex</label>
            </value>
            <value>
                <fullName>Dot Net</fullName>
                <default>false</default>
                <label>Dot Net</label>
            </value>
            <value>
                <fullName>Force.com</fullName>
                <default>false</default>
                <label>Force.com</label>
            </value>
            <value>
                <fullName>HR</fullName>
                <default>false</default>
                <label>HR</label>
            </value>
            <value>
                <fullName>Java</fullName>
                <default>false</default>
                <label>Java</label>
            </value>
            <value>
                <fullName>Operations</fullName>
                <default>false</default>
                <label>Operations</label>
            </value>
            <value>
                <fullName>PHP</fullName>
                <default>false</default>
                <label>PHP</label>
            </value>
            <value>
                <fullName>Project Management</fullName>
                <default>false</default>
                <label>Project Management</label>
            </value>
            <value>
                <fullName>Project Planning</fullName>
                <default>false</default>
                <label>Project Planning</label>
            </value>
            <value>
                <fullName>QA</fullName>
                <default>false</default>
                <label>QA</label>
            </value>
            <value>
                <fullName>Salesforce</fullName>
                <default>false</default>
                <label>Salesforce</label>
            </value>
        </valueSetDefinition>
    </valueSet>
    <visibleLines>4</visibleLines>
</CustomField>
