<?xml version="1.0" encoding="UTF-8"?>
<CustomField xmlns="http://soap.sforce.com/2006/04/metadata">
    <fullName>State__c</fullName>
    <externalId>false</externalId>
    <label>State</label>
    <required>true</required>
    <trackTrending>false</trackTrending>
    <type>Picklist</type>
    <valueSet>
        <restricted>true</restricted>
        <valueSetDefinition>
            <sorted>false</sorted>
            <value>
                <fullName>AP</fullName>
                <default>false</default>
                <label>AP</label>
            </value>
            <value>
                <fullName>MP</fullName>
                <default>false</default>
                <label>MP</label>
            </value>
            <value>
                <fullName>Maharashtra</fullName>
                <default>false</default>
                <label>Maharashtra</label>
            </value>
            <value>
                <fullName>Gujarat</fullName>
                <default>false</default>
                <label>Gujarat</label>
            </value>
        </valueSetDefinition>
    </valueSet>
</CustomField>
