<?xml version="1.0" encoding="UTF-8"?>
<CustomField xmlns="http://soap.sforce.com/2006/04/metadata">
    <fullName>Status__c</fullName>
    <externalId>false</externalId>
    <formula>IF(  AND( Is_Active__c , Is_on_Notice_Period__c),IMAGE(&quot;/img/samples/color_yellow.gif&quot;, &quot;yellow&quot;, 30, 30),
  IF( Is_Active__c ,IMAGE(&quot;/img/samples/color_green.gif&quot;, &quot;green&quot;, 30, 30), IMAGE(&quot;/img/samples/color_red.gif&quot;, &quot;red&quot;, 30, 30)))</formula>
    <formulaTreatBlanksAs>BlankAsZero</formulaTreatBlanksAs>
    <label>Status</label>
    <required>false</required>
    <trackTrending>false</trackTrending>
    <type>Text</type>
    <unique>false</unique>
</CustomField>
