<?xml version="1.0" encoding="UTF-8"?>
<CustomField xmlns="http://soap.sforce.com/2006/04/metadata">
    <fullName>Project_Detail__c</fullName>
    <externalId>false</externalId>
    <label>Project Detail</label>
    <referenceTo>Project_Detail__c</referenceTo>
    <relationshipLabel>ProjectEmpAsso</relationshipLabel>
    <relationshipName>ProjectEmpAsso</relationshipName>
    <relationshipOrder>1</relationshipOrder>
    <reparentableMasterDetail>false</reparentableMasterDetail>
    <trackTrending>false</trackTrending>
    <type>MasterDetail</type>
    <writeRequiresMasterRead>false</writeRequiresMasterRead>
</CustomField>
