<?xml version="1.0" encoding="UTF-8"?>
<CustomField xmlns="http://soap.sforce.com/2006/04/metadata">
    <fullName>Invoice_Statement__c</fullName>
    <externalId>false</externalId>
    <label>Invoice Statement</label>
    <referenceTo>Invoice_Statement__c</referenceTo>
    <relationshipLabel>Line Items</relationshipLabel>
    <relationshipName>Line_Items</relationshipName>
    <relationshipOrder>1</relationshipOrder>
    <reparentableMasterDetail>false</reparentableMasterDetail>
    <trackTrending>false</trackTrending>
    <type>MasterDetail</type>
    <writeRequiresMasterRead>false</writeRequiresMasterRead>
</CustomField>
