<?xml version="1.0" encoding="UTF-8"?>
<CustomField xmlns="http://soap.sforce.com/2006/04/metadata">
    <fullName>Implementation_Type__c</fullName>
    <externalId>false</externalId>
    <label>Implementation Type</label>
    <required>false</required>
    <trackTrending>false</trackTrending>
    <type>Picklist</type>
    <valueSet>
        <restricted>true</restricted>
        <valueSetDefinition>
            <sorted>false</sorted>
            <value>
                <fullName>Product Development</fullName>
                <default>false</default>
                <label>Product Development</label>
            </value>
            <value>
                <fullName>Support, Enhancements</fullName>
                <default>false</default>
                <label>Support, Enhancements</label>
            </value>
            <value>
                <fullName>Enterprise</fullName>
                <default>false</default>
                <label>Enterprise</label>
            </value>
            <value>
                <fullName>Services</fullName>
                <default>false</default>
                <label>Services</label>
            </value>
        </valueSetDefinition>
    </valueSet>
</CustomField>
