<?xml version="1.0" encoding="UTF-8"?>
<CustomField xmlns="http://soap.sforce.com/2006/04/metadata">
    <fullName>Manager__c</fullName>
    <deleteConstraint>SetNull</deleteConstraint>
    <externalId>false</externalId>
    <label>Manager</label>
    <lookupFilter>
        <active>true</active>
        <filterItems>
            <field>Employee__c.Unique_Employee_ID__c</field>
            <operation>equals</operation>
            <value>Project Manager</value>
        </filterItems>
        <isOptional>false</isOptional>
    </lookupFilter>
    <referenceTo>Employee__c</referenceTo>
    <relationshipLabel>Project Details</relationshipLabel>
    <relationshipName>Project_Details</relationshipName>
    <required>false</required>
    <trackTrending>false</trackTrending>
    <type>Lookup</type>
</CustomField>
