<?xml version="1.0" encoding="UTF-8"?>
<CustomField xmlns="http://soap.sforce.com/2006/04/metadata">
    <fullName>Position__c</fullName>
    <externalId>false</externalId>
    <label>Position</label>
    <referenceTo>Position__c</referenceTo>
    <relationshipLabel>Job Postings</relationshipLabel>
    <relationshipName>Job_Postings</relationshipName>
    <relationshipOrder>0</relationshipOrder>
    <reparentableMasterDetail>false</reparentableMasterDetail>
    <trackTrending>false</trackTrending>
    <type>MasterDetail</type>
    <writeRequiresMasterRead>false</writeRequiresMasterRead>
</CustomField>
